reviewText,overall
Absolutely love this product! Works perfectly and arrived fast.,5
Great quality for the price. Very happy with my purchase.,5
This is the best buy I have made in a long time. Highly recommended!,5
Exceeded my expectations. The build quality is outstanding.,5
Amazing product! Does exactly what it promises. Will buy again.,5
Fantastic value. My kids love it and it is very durable.,5
Top notch quality. Easy to set up and works flawlessly.,5
I am so happy with this purchase! Perfect for everyday use.,5
Excellent product. Delivery was fast and packaging was secure.,5
Works great! Very satisfied with the performance and quality.,5
Good product overall. Does the job well for the price.,4
Pretty good quality. Minor issues but nothing too serious.,4
Solid product. Instructions could be clearer but it works fine.,4
Good value for money. Arrived on time and in good condition.,4
Nice product. A few small improvements could make it perfect.,4
Works as expected. Not the best but does what it says.,4
Decent quality. A bit smaller than expected but still useful.,4
Quite good. Setup was easy and performance is satisfactory.,4
Generally happy with this item. Looks nice and feels sturdy.,4
Good purchase. Some features are better than others but acceptable.,4
Average product. Nothing special but does the basic job.,3
Okay for the price. Not great quality but acceptable.,3
"Mixed feelings about this one. Some things work, others do not.",3
It is alright. Nothing impressive but gets the job done.,3
Mediocre quality. Expected more based on the description.,3
Disappointed with the quality. Feels cheap and fragile.,2
Product broke after just one week of use. Very frustrating.,2
Not worth the money. The quality is much worse than advertised.,2
Poor customer service. The product had defects and no help was provided.,2
Cheap materials. The product stopped working after a few days.,2
Terrible experience. The product arrived damaged and unusable.,1
This is the worst product I have ever bought. Complete waste of money.,1
Absolutely awful. Does not work at all. Return immediately.,1
Horrible quality. Broke immediately. Do not buy this product.,1
Total disappointment. Nothing like described. Requesting a full refund.,1
Great product! Fast shipping and excellent packaging.,5
Love it! Exactly what I needed. Works perfectly well.,5
Very impressed with the quality. Will definitely recommend.,5
Superb item. The quality is better than I expected.,5
Wonderful purchase. I use it every day and it works great.,5
The product is fine but shipping took longer than expected.,3
Decent item but the color was slightly different from the photo.,3
Not bad for the price. Would buy again if the quality improves.,3
Instructions were unclear but the product itself is okay.,3
Average performance. Good for basic use but not for heavy tasks.,3
Poor design. The product looks good but does not work properly.,2
Regret buying this. Quality is inconsistent and service is bad.,2
Stopped working after a month. Not durable at all.,2
The item received was different from what was shown in the picture.,2
Many features advertised do not work as promised.,2
