review_id,category,rating,review
1,Books,2,Terrible product. Broke after two days of use. Complete waste of money. Really.
2,Kitchen,4,Excellent quality and fast delivery. Very satisfied with my purchase. For sure.
3,Sports,4,Excellent quality and fast delivery. Very satisfied with my purchase. Really.
4,Toys,1,Horrible product. Instructions are unclear and it barely functions.
5,Sports,1,Poor quality and extremely overpriced. I regret buying this item. Indeed.
6,Toys,4,Really happy with this item. Great customer service too. Five stars! Really.
7,Clothing,4,"Fantastic item! Easy to use, durable, and worth every penny. Really."
8,Clothing,4,Best purchase I've made this year. Highly recommend this to anyone looking for quality. Totally.
9,Kitchen,1,Extremely flimsy and poorly made. Returned it immediately.
10,Sports,5,"Brilliant product, does exactly what it says. Quick delivery and well packaged."
11,Books,5,This exceeded my expectations. The packaging was perfect and the item is beautiful. For sure.
12,Electronics,1,Terrible product. Broke after two days of use. Complete waste of money. Totally.
13,Kitchen,3,Average experience. The product meets basic requirements.
14,Clothing,5,This exceeded my expectations. The packaging was perfect and the item is beautiful. Really.
15,Toys,5,This exceeded my expectations. The packaging was perfect and the item is beautiful.
16,Toys,1,"Not worth the money at all. Cheap plastic, bad smell, and doesn't work. For sure."
17,Toys,5,"Perfect product, arrived quickly and works great. Very pleased with the quality. Totally."
18,Books,2,This product is a scam. Nothing like the pictures. Do not buy!
19,Kitchen,3,"Ok product. Arrived on time. Does what it says on the box, nothing more. Totally."
20,Toys,5,Great value for money. The build quality is superb and it works flawlessly. Really.
21,Clothing,5,"Brilliant product, does exactly what it says. Quick delivery and well packaged. Really."
22,Sports,5,"Absolutely love this product! It's stylish, functional, and very well made."
23,Books,5,Incredible quality at a reasonable price. I am thoroughly impressed. Totally.
24,Kitchen,3,Decent product for the price. Not amazing but not terrible either. For sure.
25,Toys,4,This product is absolutely amazing! I love it and would highly recommend it to everyone. Really.
26,Electronics,5,This exceeded my expectations. The packaging was perfect and the item is beautiful. For sure.
27,Clothing,5,Incredible quality at a reasonable price. I am thoroughly impressed. For sure.
28,Toys,3,Average experience. The product meets basic requirements.
29,Clothing,2,Deeply unsatisfied. Item looked nothing like the description or photos.
30,Electronics,4,Best purchase I've made this year. Highly recommend this to anyone looking for quality. Indeed.
31,Clothing,3,Mediocre quality overall. Fine for everyday use but nothing special.
32,Sports,3,"Ok product. Arrived on time. Does what it says on the box, nothing more. Really."
33,Clothing,3,Average experience. The product meets basic requirements.
34,Books,3,The product is satisfactory. Some improvements could be made. For sure.
35,Sports,4,Superb craftsmanship. Looks and feels premium. Would definitely recommend. For sure.
36,Kitchen,3,"It's an acceptable purchase. Some things work well, others not so much. Totally."
37,Books,5,"Brilliant product, does exactly what it says. Quick delivery and well packaged. Totally."
38,Toys,4,"Brilliant product, does exactly what it says. Quick delivery and well packaged."
39,Toys,4,Excellent quality and fast delivery. Very satisfied with my purchase. Really.
40,Sports,4,Wonderful product! My whole family loves it. Will definitely buy again. Totally.
41,Sports,3,Fairly standard item. Gets the job done without any extra features. Really.
42,Toys,3,The item is functional but lacks the premium feel I was hoping for. Really.
43,Sports,5,This exceeded my expectations. The packaging was perfect and the item is beautiful. Indeed.
44,Clothing,4,Great value for money. The build quality is superb and it works flawlessly.
45,Books,4,Wonderful product! My whole family loves it. Will definitely buy again. For sure.
46,Electronics,4,"Absolutely love this product! It's stylish, functional, and very well made. Really."
47,Electronics,3,Average experience. The product meets basic requirements. Totally.
48,Sports,5,"Fantastic item! Easy to use, durable, and worth every penny. Really."
49,Kitchen,5,"Brilliant product, does exactly what it says. Quick delivery and well packaged. Really."
50,Electronics,3,It's alright. Serves its purpose but don't expect anything extraordinary.
51,Kitchen,2,Do not buy this. It stopped working after one week. Very frustrating. Indeed.
52,Toys,3,The product is okay. Nothing special but does what it's supposed to do.
53,Kitchen,3,Average quality. It works fine for basic tasks but nothing impressive.
54,Books,1,Extremely flimsy and poorly made. Returned it immediately. Really.
55,Books,4,"Perfect product, arrived quickly and works great. Very pleased with the quality. Indeed."
56,Sports,4,Great value for money. The build quality is superb and it works flawlessly. Indeed.
57,Books,4,This exceeded my expectations. The packaging was perfect and the item is beautiful.
58,Kitchen,5,"Perfect product, arrived quickly and works great. Very pleased with the quality. Really."
59,Electronics,3,Decent product for the price. Not amazing but not terrible either. Indeed.
60,Clothing,3,Reasonable product. Has some minor issues but generally acceptable. Indeed.
61,Books,5,"Absolutely love this product! It's stylish, functional, and very well made. Really."
62,Clothing,4,This product is absolutely amazing! I love it and would highly recommend it to everyone.
63,Sports,5,Incredible quality at a reasonable price. I am thoroughly impressed. For sure.
64,Electronics,4,Wonderful product! My whole family loves it. Will definitely buy again. Really.
65,Electronics,1,Deeply unsatisfied. Item looked nothing like the description or photos. Indeed.
66,Sports,3,"It's an acceptable purchase. Some things work well, others not so much. Really."
67,Toys,1,"Not worth the money at all. Cheap plastic, bad smell, and doesn't work. Indeed."
68,Books,2,Horrible product. Instructions are unclear and it barely functions. Totally.
69,Kitchen,1,Do not buy this. It stopped working after one week. Very frustrating. Totally.
70,Clothing,5,This exceeded my expectations. The packaging was perfect and the item is beautiful. Indeed.
71,Electronics,3,Mediocre quality overall. Fine for everyday use but nothing special.
72,Sports,4,Incredible quality at a reasonable price. I am thoroughly impressed.
73,Electronics,4,"Fantastic item! Easy to use, durable, and worth every penny. Totally."
74,Books,3,"The product works as expected. Nothing more, nothing less. Totally."
75,Toys,5,Wonderful product! My whole family loves it. Will definitely buy again. For sure.
76,Electronics,5,This exceeded my expectations. The packaging was perfect and the item is beautiful.
77,Electronics,3,Decent product for the price. Not amazing but not terrible either. Totally.
78,Books,3,The item is functional but lacks the premium feel I was hoping for. For sure.
79,Clothing,4,Incredible quality at a reasonable price. I am thoroughly impressed.
80,Kitchen,5,This exceeded my expectations. The packaging was perfect and the item is beautiful. For sure.
81,Toys,4,"Brilliant product, does exactly what it says. Quick delivery and well packaged."
82,Clothing,4,"Fantastic item! Easy to use, durable, and worth every penny."
83,Books,3,A middle-of-the-road product. Not bad for occasional use. Totally.
84,Electronics,2,Horrible product. Instructions are unclear and it barely functions. For sure.
85,Electronics,4,"Brilliant product, does exactly what it says. Quick delivery and well packaged. For sure."
86,Books,3,"It's an acceptable purchase. Some things work well, others not so much. For sure."
87,Electronics,5,This product is absolutely amazing! I love it and would highly recommend it to everyone. Totally.
88,Books,3,It's alright. Serves its purpose but don't expect anything extraordinary.
89,Toys,2,Do not buy this. It stopped working after one week. Very frustrating. For sure.
90,Books,4,"Brilliant product, does exactly what it says. Quick delivery and well packaged. Really."
91,Toys,3,The product is okay. Nothing special but does what it's supposed to do. Really.
92,Toys,3,"Ok product. Arrived on time. Does what it says on the box, nothing more. Indeed."
93,Clothing,3,"Ok product. Arrived on time. Does what it says on the box, nothing more. Really."
94,Electronics,4,"Absolutely love this product! It's stylish, functional, and very well made. Indeed."
95,Kitchen,3,It's alright. Serves its purpose but don't expect anything extraordinary. Really.
96,Electronics,4,Really happy with this item. Great customer service too. Five stars! Really.
97,Electronics,2,Poor quality and extremely overpriced. I regret buying this item. Totally.
98,Toys,3,Reasonable product. Has some minor issues but generally acceptable. Totally.
99,Electronics,5,This exceeded my expectations. The packaging was perfect and the item is beautiful.
100,Sports,3,Reasonable product. Has some minor issues but generally acceptable. Really.
101,Electronics,3,Reasonable product. Has some minor issues but generally acceptable.
102,Sports,2,Do not buy this. It stopped working after one week. Very frustrating. Indeed.
103,Sports,3,Average quality. It works fine for basic tasks but nothing impressive. Indeed.
104,Sports,5,This product is absolutely amazing! I love it and would highly recommend it to everyone.
105,Toys,3,The product is satisfactory. Some improvements could be made.
106,Books,3,The item is functional but lacks the premium feel I was hoping for.
107,Clothing,5,Excellent quality and fast delivery. Very satisfied with my purchase. For sure.
108,Clothing,2,Very disappointing. The quality is poor and it doesn't work as advertised. For sure.
109,Clothing,2,Do not buy this. It stopped working after one week. Very frustrating.
110,Kitchen,2,This product is a scam. Nothing like the pictures. Do not buy!
111,Sports,1,Very bad product. Does not work. Would give zero stars if possible. For sure.
112,Clothing,4,Wonderful product! My whole family loves it. Will definitely buy again. Totally.
113,Kitchen,5,Superb craftsmanship. Looks and feels premium. Would definitely recommend. Indeed.
114,Books,5,Great value for money. The build quality is superb and it works flawlessly.
115,Books,2,Worst purchase ever. Cheap materials and terrible construction.
116,Electronics,1,This product is a scam. Nothing like the pictures. Do not buy! Really.
117,Kitchen,4,"Perfect product, arrived quickly and works great. Very pleased with the quality. Indeed."
118,Toys,3,"It's an acceptable purchase. Some things work well, others not so much. Really."
119,Books,2,This product is garbage. Fell apart immediately. Very unhappy customer. Really.
120,Books,1,Terrible product. Broke after two days of use. Complete waste of money. Indeed.
121,Sports,5,"Absolutely love this product! It's stylish, functional, and very well made."
122,Books,4,Really happy with this item. Great customer service too. Five stars! Indeed.
123,Sports,3,A middle-of-the-road product. Not bad for occasional use. For sure.
124,Toys,2,Extremely flimsy and poorly made. Returned it immediately. For sure.
125,Kitchen,3,Fairly standard item. Gets the job done without any extra features. For sure.
126,Kitchen,3,The item is functional but lacks the premium feel I was hoping for. Indeed.
127,Kitchen,5,Great value for money. The build quality is superb and it works flawlessly. For sure.
128,Toys,2,Worst purchase ever. Cheap materials and terrible construction.
129,Sports,5,"Fantastic item! Easy to use, durable, and worth every penny. Totally."
130,Toys,4,Outstanding product! Works perfectly and exceeded all my expectations. Indeed.
131,Kitchen,4,Great value for money. The build quality is superb and it works flawlessly. Indeed.
132,Books,5,"Perfect product, arrived quickly and works great. Very pleased with the quality."
133,Toys,3,Fairly standard item. Gets the job done without any extra features. For sure.
134,Electronics,5,"Brilliant product, does exactly what it says. Quick delivery and well packaged. Indeed."
135,Kitchen,3,Reasonable product. Has some minor issues but generally acceptable. Indeed.
136,Books,4,"Absolutely love this product! It's stylish, functional, and very well made. Indeed."
137,Clothing,4,"Perfect product, arrived quickly and works great. Very pleased with the quality. Indeed."
138,Books,2,Extremely flimsy and poorly made. Returned it immediately.
139,Sports,3,Mediocre quality overall. Fine for everyday use but nothing special. Really.
140,Sports,5,"Brilliant product, does exactly what it says. Quick delivery and well packaged. For sure."
141,Kitchen,2,Very disappointing. The quality is poor and it doesn't work as advertised. Really.
142,Books,5,"Fantastic item! Easy to use, durable, and worth every penny. Totally."
143,Kitchen,5,I'm very happy with this purchase. The product is exactly as described. Totally.
144,Toys,5,Excellent quality and fast delivery. Very satisfied with my purchase.
145,Electronics,4,I'm very happy with this purchase. The product is exactly as described.
146,Electronics,3,A middle-of-the-road product. Not bad for occasional use.
147,Sports,3,It's alright. Serves its purpose but don't expect anything extraordinary.
148,Electronics,5,Outstanding product! Works perfectly and exceeded all my expectations.
149,Clothing,2,This product is a scam. Nothing like the pictures. Do not buy!
150,Sports,3,Decent product for the price. Not amazing but not terrible either. For sure.
151,Books,3,The item is functional but lacks the premium feel I was hoping for.
152,Electronics,3,Average quality. It works fine for basic tasks but nothing impressive. For sure.
153,Kitchen,3,"It's an acceptable purchase. Some things work well, others not so much."
154,Sports,4,"Absolutely love this product! It's stylish, functional, and very well made."
155,Toys,1,Deeply unsatisfied. Item looked nothing like the description or photos.
156,Sports,3,Average experience. The product meets basic requirements.
157,Electronics,3,"Ok product. Arrived on time. Does what it says on the box, nothing more. For sure."
158,Sports,5,Best purchase I've made this year. Highly recommend this to anyone looking for quality.
159,Electronics,2,Terrible product. Broke after two days of use. Complete waste of money. Indeed.
160,Books,5,I'm very happy with this purchase. The product is exactly as described.
161,Sports,5,"Absolutely love this product! It's stylish, functional, and very well made. For sure."
162,Toys,3,Neither great nor terrible. Average build quality and average performance. Indeed.
163,Clothing,1,Do not buy this. It stopped working after one week. Very frustrating.
164,Sports,3,It's alright. Serves its purpose but don't expect anything extraordinary. Indeed.
165,Kitchen,2,Poor quality and extremely overpriced. I regret buying this item.
166,Books,3,Decent product for the price. Not amazing but not terrible either. Indeed.
167,Sports,5,"Fantastic item! Easy to use, durable, and worth every penny. Totally."
168,Books,1,Worst purchase ever. Cheap materials and terrible construction. For sure.
169,Sports,5,"Absolutely love this product! It's stylish, functional, and very well made. Indeed."
170,Toys,3,The item is functional but lacks the premium feel I was hoping for. Indeed.
171,Clothing,1,This product is garbage. Fell apart immediately. Very unhappy customer.
172,Toys,4,"Absolutely love this product! It's stylish, functional, and very well made. Totally."
173,Toys,2,This product is garbage. Fell apart immediately. Very unhappy customer. Indeed.
174,Clothing,2,Do not buy this. It stopped working after one week. Very frustrating. Totally.
175,Electronics,4,Excellent quality and fast delivery. Very satisfied with my purchase. Totally.
176,Books,1,Extremely flimsy and poorly made. Returned it immediately. Really.
177,Books,2,Worst purchase ever. Cheap materials and terrible construction.
178,Electronics,4,I'm very happy with this purchase. The product is exactly as described. Totally.
179,Electronics,2,Awful experience. The item arrived damaged and the seller was unhelpful.
180,Kitchen,1,"Broken on arrival, terrible customer support. Avoid this seller at all costs."
181,Kitchen,5,This product is absolutely amazing! I love it and would highly recommend it to everyone. Indeed.
182,Kitchen,4,Outstanding product! Works perfectly and exceeded all my expectations. Totally.
183,Electronics,5,Excellent quality and fast delivery. Very satisfied with my purchase. Indeed.
184,Books,1,Deeply unsatisfied. Item looked nothing like the description or photos. Really.
185,Books,3,Reasonable product. Has some minor issues but generally acceptable.
186,Sports,5,Superb craftsmanship. Looks and feels premium. Would definitely recommend. For sure.
187,Kitchen,3,It's alright. Serves its purpose but don't expect anything extraordinary. For sure.
188,Kitchen,5,"Perfect product, arrived quickly and works great. Very pleased with the quality. For sure."
189,Toys,4,Incredible quality at a reasonable price. I am thoroughly impressed. For sure.
190,Books,4,Superb craftsmanship. Looks and feels premium. Would definitely recommend.
191,Books,4,Excellent quality and fast delivery. Very satisfied with my purchase. Really.
192,Kitchen,1,Awful experience. The item arrived damaged and the seller was unhelpful. Indeed.
193,Books,2,This product is garbage. Fell apart immediately. Very unhappy customer.
194,Toys,5,"Fantastic item! Easy to use, durable, and worth every penny."
195,Electronics,4,"Fantastic item! Easy to use, durable, and worth every penny. Indeed."
196,Books,4,This exceeded my expectations. The packaging was perfect and the item is beautiful. Totally.
197,Toys,5,Outstanding product! Works perfectly and exceeded all my expectations. For sure.
198,Kitchen,3,Mediocre quality overall. Fine for everyday use but nothing special. Totally.
199,Kitchen,5,"Absolutely love this product! It's stylish, functional, and very well made."
200,Kitchen,3,The product is satisfactory. Some improvements could be made. For sure.
201,Toys,4,Incredible quality at a reasonable price. I am thoroughly impressed. Indeed.
202,Books,4,"Fantastic item! Easy to use, durable, and worth every penny."
203,Sports,3,Average experience. The product meets basic requirements. For sure.
204,Clothing,3,"Ok product. Arrived on time. Does what it says on the box, nothing more."
205,Sports,1,Extremely flimsy and poorly made. Returned it immediately. Indeed.
206,Sports,2,Very bad product. Does not work. Would give zero stars if possible. Really.
207,Kitchen,5,Really happy with this item. Great customer service too. Five stars!
208,Electronics,5,I'm very happy with this purchase. The product is exactly as described.
209,Toys,3,"The product works as expected. Nothing more, nothing less. Indeed."
210,Electronics,5,This exceeded my expectations. The packaging was perfect and the item is beautiful. For sure.
211,Electronics,5,I'm very happy with this purchase. The product is exactly as described. Totally.
212,Electronics,3,Fairly standard item. Gets the job done without any extra features. For sure.
213,Electronics,2,Horrible product. Instructions are unclear and it barely functions. Indeed.
214,Kitchen,5,I'm very happy with this purchase. The product is exactly as described.
215,Sports,3,It's alright. Serves its purpose but don't expect anything extraordinary. Totally.
216,Kitchen,5,"Fantastic item! Easy to use, durable, and worth every penny."
217,Books,4,This exceeded my expectations. The packaging was perfect and the item is beautiful.
218,Books,5,This product is absolutely amazing! I love it and would highly recommend it to everyone.
219,Kitchen,3,Mediocre quality overall. Fine for everyday use but nothing special.
220,Kitchen,3,A middle-of-the-road product. Not bad for occasional use. Really.
221,Toys,3,Reasonable product. Has some minor issues but generally acceptable. For sure.
222,Books,5,Really happy with this item. Great customer service too. Five stars! Indeed.
223,Sports,5,Outstanding product! Works perfectly and exceeded all my expectations. Really.
224,Clothing,4,"Brilliant product, does exactly what it says. Quick delivery and well packaged."
225,Clothing,3,Average experience. The product meets basic requirements. Indeed.
226,Electronics,3,The product is satisfactory. Some improvements could be made. Totally.
227,Kitchen,5,"Fantastic item! Easy to use, durable, and worth every penny. Really."
228,Sports,5,I'm very happy with this purchase. The product is exactly as described. For sure.
229,Toys,5,"Brilliant product, does exactly what it says. Quick delivery and well packaged. Really."
230,Electronics,4,Best purchase I've made this year. Highly recommend this to anyone looking for quality. Indeed.
231,Toys,5,"Perfect product, arrived quickly and works great. Very pleased with the quality. Indeed."
232,Kitchen,3,A middle-of-the-road product. Not bad for occasional use. Really.
233,Sports,3,Decent product for the price. Not amazing but not terrible either. For sure.
234,Sports,5,Excellent quality and fast delivery. Very satisfied with my purchase.
235,Books,3,The product is okay. Nothing special but does what it's supposed to do.
236,Kitchen,4,This exceeded my expectations. The packaging was perfect and the item is beautiful.
237,Sports,3,Reasonable product. Has some minor issues but generally acceptable. Totally.
238,Toys,1,Deeply unsatisfied. Item looked nothing like the description or photos. Totally.
239,Toys,3,Fairly standard item. Gets the job done without any extra features. Totally.
240,Electronics,2,Extremely flimsy and poorly made. Returned it immediately. For sure.
241,Toys,2,This product is a scam. Nothing like the pictures. Do not buy! Really.
242,Books,4,Excellent quality and fast delivery. Very satisfied with my purchase. Indeed.
243,Clothing,1,Very bad product. Does not work. Would give zero stars if possible.
244,Clothing,3,Reasonable product. Has some minor issues but generally acceptable. Totally.
245,Toys,5,Great value for money. The build quality is superb and it works flawlessly. For sure.
246,Electronics,3,Decent product for the price. Not amazing but not terrible either. Really.
247,Sports,1,Poor quality and extremely overpriced. I regret buying this item. Indeed.
248,Clothing,5,"Perfect product, arrived quickly and works great. Very pleased with the quality. Indeed."
249,Toys,2,Very bad product. Does not work. Would give zero stars if possible. Totally.
250,Sports,5,Excellent quality and fast delivery. Very satisfied with my purchase. Totally.
251,Clothing,5,Best purchase I've made this year. Highly recommend this to anyone looking for quality. Indeed.
252,Books,5,Best purchase I've made this year. Highly recommend this to anyone looking for quality.
253,Clothing,5,I'm very happy with this purchase. The product is exactly as described.
254,Electronics,5,Really happy with this item. Great customer service too. Five stars! Totally.
255,Toys,1,Deeply unsatisfied. Item looked nothing like the description or photos. For sure.
256,Sports,5,"Brilliant product, does exactly what it says. Quick delivery and well packaged. Really."
257,Books,3,It's alright. Serves its purpose but don't expect anything extraordinary.
258,Electronics,1,Deeply unsatisfied. Item looked nothing like the description or photos.
259,Clothing,3,A middle-of-the-road product. Not bad for occasional use.
260,Clothing,3,The product is okay. Nothing special but does what it's supposed to do. For sure.
261,Toys,2,Very disappointing. The quality is poor and it doesn't work as advertised. Totally.
262,Clothing,4,Great value for money. The build quality is superb and it works flawlessly. For sure.
263,Clothing,5,"Brilliant product, does exactly what it says. Quick delivery and well packaged. Really."
264,Toys,3,Neither great nor terrible. Average build quality and average performance. Totally.
265,Kitchen,3,"Ok product. Arrived on time. Does what it says on the box, nothing more."
266,Toys,3,Decent product for the price. Not amazing but not terrible either. Really.
267,Kitchen,2,Poor quality and extremely overpriced. I regret buying this item.
268,Clothing,4,Wonderful product! My whole family loves it. Will definitely buy again. Indeed.
269,Kitchen,2,Deeply unsatisfied. Item looked nothing like the description or photos. For sure.
270,Toys,3,"The product works as expected. Nothing more, nothing less."
271,Books,5,This product is absolutely amazing! I love it and would highly recommend it to everyone. For sure.
272,Clothing,2,Deeply unsatisfied. Item looked nothing like the description or photos.
273,Electronics,1,Very disappointing. The quality is poor and it doesn't work as advertised.
274,Books,4,"Perfect product, arrived quickly and works great. Very pleased with the quality."
275,Kitchen,3,Decent product for the price. Not amazing but not terrible either. Indeed.
276,Toys,5,"Absolutely love this product! It's stylish, functional, and very well made. For sure."
277,Electronics,2,Very bad product. Does not work. Would give zero stars if possible.
278,Clothing,3,"It's an acceptable purchase. Some things work well, others not so much. Indeed."
279,Kitchen,4,I'm very happy with this purchase. The product is exactly as described. Indeed.
280,Electronics,3,Average experience. The product meets basic requirements. Totally.
281,Toys,3,"The product works as expected. Nothing more, nothing less. For sure."
282,Electronics,5,Best purchase I've made this year. Highly recommend this to anyone looking for quality. Really.
283,Electronics,3,Average experience. The product meets basic requirements. Indeed.
284,Clothing,1,Deeply unsatisfied. Item looked nothing like the description or photos.
285,Sports,4,Outstanding product! Works perfectly and exceeded all my expectations.
286,Books,4,Great value for money. The build quality is superb and it works flawlessly. Totally.
287,Clothing,3,"It's an acceptable purchase. Some things work well, others not so much."
288,Sports,3,Decent product for the price. Not amazing but not terrible either. Really.
289,Electronics,4,Outstanding product! Works perfectly and exceeded all my expectations.
290,Clothing,4,I'm very happy with this purchase. The product is exactly as described. For sure.
291,Toys,4,"Fantastic item! Easy to use, durable, and worth every penny. Really."
292,Kitchen,4,Excellent quality and fast delivery. Very satisfied with my purchase. Indeed.
293,Electronics,3,The product is satisfactory. Some improvements could be made. For sure.
294,Toys,4,Great value for money. The build quality is superb and it works flawlessly.
295,Kitchen,4,"Perfect product, arrived quickly and works great. Very pleased with the quality."
296,Electronics,3,Fairly standard item. Gets the job done without any extra features.
297,Electronics,5,"Brilliant product, does exactly what it says. Quick delivery and well packaged."
298,Clothing,4,Outstanding product! Works perfectly and exceeded all my expectations. Really.
299,Sports,2,"Not worth the money at all. Cheap plastic, bad smell, and doesn't work. Indeed."
300,Toys,5,"Perfect product, arrived quickly and works great. Very pleased with the quality."
301,Kitchen,4,This exceeded my expectations. The packaging was perfect and the item is beautiful. Indeed.
302,Kitchen,3,Fairly standard item. Gets the job done without any extra features. Totally.
303,Kitchen,4,"Absolutely love this product! It's stylish, functional, and very well made. Totally."
304,Toys,5,"Fantastic item! Easy to use, durable, and worth every penny. Really."
305,Electronics,3,Average quality. It works fine for basic tasks but nothing impressive.
306,Sports,5,Excellent quality and fast delivery. Very satisfied with my purchase. Really.
307,Electronics,5,Wonderful product! My whole family loves it. Will definitely buy again.
308,Electronics,5,Really happy with this item. Great customer service too. Five stars!
309,Clothing,3,"It's an acceptable purchase. Some things work well, others not so much. Totally."
310,Toys,4,Wonderful product! My whole family loves it. Will definitely buy again. Really.
311,Sports,4,Really happy with this item. Great customer service too. Five stars! Totally.
312,Books,5,Superb craftsmanship. Looks and feels premium. Would definitely recommend. For sure.
313,Sports,3,Average experience. The product meets basic requirements. For sure.
314,Toys,1,Deeply unsatisfied. Item looked nothing like the description or photos. For sure.
315,Books,3,Reasonable product. Has some minor issues but generally acceptable.
316,Clothing,5,Superb craftsmanship. Looks and feels premium. Would definitely recommend. Totally.
317,Toys,4,Really happy with this item. Great customer service too. Five stars! For sure.
318,Toys,4,Outstanding product! Works perfectly and exceeded all my expectations.
319,Clothing,5,Best purchase I've made this year. Highly recommend this to anyone looking for quality. Indeed.
320,Sports,5,"Fantastic item! Easy to use, durable, and worth every penny. For sure."
321,Sports,4,This product is absolutely amazing! I love it and would highly recommend it to everyone. Really.
322,Toys,5,Excellent quality and fast delivery. Very satisfied with my purchase. Indeed.
323,Clothing,5,Incredible quality at a reasonable price. I am thoroughly impressed. Indeed.
324,Kitchen,4,Wonderful product! My whole family loves it. Will definitely buy again. Totally.
325,Toys,5,This exceeded my expectations. The packaging was perfect and the item is beautiful. For sure.
326,Electronics,5,Great value for money. The build quality is superb and it works flawlessly. For sure.
327,Clothing,4,"Fantastic item! Easy to use, durable, and worth every penny. Really."
328,Toys,4,Excellent quality and fast delivery. Very satisfied with my purchase. Indeed.
329,Toys,5,Outstanding product! Works perfectly and exceeded all my expectations. For sure.
330,Kitchen,5,Wonderful product! My whole family loves it. Will definitely buy again.
331,Electronics,3,The product is okay. Nothing special but does what it's supposed to do. Indeed.
332,Kitchen,5,Excellent quality and fast delivery. Very satisfied with my purchase. For sure.
333,Electronics,2,"Broken on arrival, terrible customer support. Avoid this seller at all costs. Totally."
334,Kitchen,4,I'm very happy with this purchase. The product is exactly as described. For sure.
335,Electronics,3,Mediocre quality overall. Fine for everyday use but nothing special. Totally.
336,Sports,4,Excellent quality and fast delivery. Very satisfied with my purchase. Indeed.
337,Toys,5,Excellent quality and fast delivery. Very satisfied with my purchase. Totally.
338,Sports,4,I'm very happy with this purchase. The product is exactly as described.
339,Clothing,1,Horrible product. Instructions are unclear and it barely functions. Totally.
340,Electronics,1,A complete disaster. The product is useless and the return process is a nightmare. Really.
341,Books,4,Great value for money. The build quality is superb and it works flawlessly. For sure.
342,Books,3,A middle-of-the-road product. Not bad for occasional use.
343,Kitchen,3,A middle-of-the-road product. Not bad for occasional use. Indeed.
344,Kitchen,3,"Ok product. Arrived on time. Does what it says on the box, nothing more. For sure."
345,Clothing,2,Very bad product. Does not work. Would give zero stars if possible.
346,Toys,5,Excellent quality and fast delivery. Very satisfied with my purchase. Indeed.
347,Sports,4,"Fantastic item! Easy to use, durable, and worth every penny. Totally."
348,Electronics,5,"Perfect product, arrived quickly and works great. Very pleased with the quality."
349,Electronics,4,"Fantastic item! Easy to use, durable, and worth every penny."
350,Sports,2,Horrible product. Instructions are unclear and it barely functions. Indeed.
351,Sports,1,Extremely flimsy and poorly made. Returned it immediately. Indeed.
352,Books,2,Do not buy this. It stopped working after one week. Very frustrating. For sure.
353,Clothing,3,Neither great nor terrible. Average build quality and average performance.
354,Toys,3,Average quality. It works fine for basic tasks but nothing impressive. For sure.
355,Sports,5,Great value for money. The build quality is superb and it works flawlessly. Indeed.
356,Clothing,5,Outstanding product! Works perfectly and exceeded all my expectations. Totally.
357,Sports,5,Superb craftsmanship. Looks and feels premium. Would definitely recommend.
358,Clothing,5,This exceeded my expectations. The packaging was perfect and the item is beautiful.
359,Clothing,5,This exceeded my expectations. The packaging was perfect and the item is beautiful. Totally.
360,Electronics,1,Deeply unsatisfied. Item looked nothing like the description or photos. Totally.
361,Toys,2,Awful experience. The item arrived damaged and the seller was unhelpful. Totally.
362,Toys,1,Poor quality and extremely overpriced. I regret buying this item. For sure.
363,Kitchen,3,Reasonable product. Has some minor issues but generally acceptable. For sure.
364,Toys,1,Do not buy this. It stopped working after one week. Very frustrating.
365,Sports,3,The item is functional but lacks the premium feel I was hoping for.
366,Clothing,5,This exceeded my expectations. The packaging was perfect and the item is beautiful. For sure.
367,Clothing,4,"Fantastic item! Easy to use, durable, and worth every penny. Really."
368,Books,3,Neither great nor terrible. Average build quality and average performance. Really.
369,Clothing,3,Decent product for the price. Not amazing but not terrible either.
370,Sports,3,Average quality. It works fine for basic tasks but nothing impressive. For sure.
371,Electronics,3,Mediocre quality overall. Fine for everyday use but nothing special. For sure.
372,Kitchen,1,Very bad product. Does not work. Would give zero stars if possible. For sure.
373,Kitchen,4,Outstanding product! Works perfectly and exceeded all my expectations.
374,Sports,4,I'm very happy with this purchase. The product is exactly as described. Indeed.
375,Sports,5,"Absolutely love this product! It's stylish, functional, and very well made. Really."
376,Clothing,5,Superb craftsmanship. Looks and feels premium. Would definitely recommend. Really.
377,Clothing,2,"Not worth the money at all. Cheap plastic, bad smell, and doesn't work. Indeed."
378,Kitchen,3,The product is satisfactory. Some improvements could be made. For sure.
379,Sports,3,Average experience. The product meets basic requirements. Really.
380,Kitchen,4,"Fantastic item! Easy to use, durable, and worth every penny."
381,Toys,3,The product is satisfactory. Some improvements could be made.
382,Clothing,3,Average experience. The product meets basic requirements.
383,Sports,5,Outstanding product! Works perfectly and exceeded all my expectations. Indeed.
384,Kitchen,4,Best purchase I've made this year. Highly recommend this to anyone looking for quality. Really.
385,Kitchen,3,Mediocre quality overall. Fine for everyday use but nothing special.
386,Kitchen,5,Wonderful product! My whole family loves it. Will definitely buy again. Really.
387,Electronics,3,"The product works as expected. Nothing more, nothing less. Really."
388,Books,5,Excellent quality and fast delivery. Very satisfied with my purchase. Really.
389,Books,5,"Brilliant product, does exactly what it says. Quick delivery and well packaged."
390,Sports,3,Neither great nor terrible. Average build quality and average performance. Indeed.
391,Books,4,Excellent quality and fast delivery. Very satisfied with my purchase. Totally.
392,Sports,3,The product is satisfactory. Some improvements could be made.
393,Clothing,5,Excellent quality and fast delivery. Very satisfied with my purchase. Really.
394,Sports,5,Great value for money. The build quality is superb and it works flawlessly.
395,Sports,5,Excellent quality and fast delivery. Very satisfied with my purchase. For sure.
396,Books,4,Wonderful product! My whole family loves it. Will definitely buy again.
397,Sports,5,This product is absolutely amazing! I love it and would highly recommend it to everyone. Really.
398,Clothing,4,This exceeded my expectations. The packaging was perfect and the item is beautiful. For sure.
399,Kitchen,4,Wonderful product! My whole family loves it. Will definitely buy again. Indeed.
400,Toys,5,Best purchase I've made this year. Highly recommend this to anyone looking for quality. Totally.
401,Books,4,Superb craftsmanship. Looks and feels premium. Would definitely recommend. Totally.
402,Toys,1,Deeply unsatisfied. Item looked nothing like the description or photos. For sure.
403,Clothing,3,Decent product for the price. Not amazing but not terrible either.
404,Kitchen,4,Really happy with this item. Great customer service too. Five stars!
405,Books,3,Neither great nor terrible. Average build quality and average performance.
406,Kitchen,3,Average quality. It works fine for basic tasks but nothing impressive.
407,Electronics,4,Great value for money. The build quality is superb and it works flawlessly. Really.
408,Kitchen,5,"Fantastic item! Easy to use, durable, and worth every penny. For sure."
409,Clothing,4,Superb craftsmanship. Looks and feels premium. Would definitely recommend. Totally.
410,Clothing,3,The product is okay. Nothing special but does what it's supposed to do.
411,Kitchen,5,Superb craftsmanship. Looks and feels premium. Would definitely recommend. Indeed.
412,Books,2,Very bad product. Does not work. Would give zero stars if possible. Totally.
413,Clothing,5,"Perfect product, arrived quickly and works great. Very pleased with the quality. For sure."
414,Electronics,3,The item is functional but lacks the premium feel I was hoping for. Indeed.
415,Clothing,4,Really happy with this item. Great customer service too. Five stars! For sure.
416,Clothing,5,Excellent quality and fast delivery. Very satisfied with my purchase.
417,Toys,5,Incredible quality at a reasonable price. I am thoroughly impressed. Really.
418,Clothing,4,"Perfect product, arrived quickly and works great. Very pleased with the quality."
419,Electronics,2,Poor quality and extremely overpriced. I regret buying this item.
420,Sports,5,This exceeded my expectations. The packaging was perfect and the item is beautiful. Totally.
421,Electronics,3,A middle-of-the-road product. Not bad for occasional use. Really.
422,Books,5,Incredible quality at a reasonable price. I am thoroughly impressed.
423,Kitchen,5,Superb craftsmanship. Looks and feels premium. Would definitely recommend. Totally.
424,Books,3,The product is okay. Nothing special but does what it's supposed to do. For sure.
425,Electronics,2,Do not buy this. It stopped working after one week. Very frustrating. Indeed.
426,Clothing,2,Horrible product. Instructions are unclear and it barely functions. Indeed.
427,Toys,1,This product is a scam. Nothing like the pictures. Do not buy!
428,Electronics,5,Wonderful product! My whole family loves it. Will definitely buy again. For sure.
429,Sports,5,"Fantastic item! Easy to use, durable, and worth every penny. Really."
430,Electronics,5,"Brilliant product, does exactly what it says. Quick delivery and well packaged. Really."
431,Toys,5,Excellent quality and fast delivery. Very satisfied with my purchase. Really.
432,Clothing,5,Excellent quality and fast delivery. Very satisfied with my purchase.
433,Books,2,Horrible product. Instructions are unclear and it barely functions. Totally.
434,Sports,1,Very bad product. Does not work. Would give zero stars if possible. Totally.
435,Kitchen,4,Great value for money. The build quality is superb and it works flawlessly. Really.
436,Sports,5,Wonderful product! My whole family loves it. Will definitely buy again. Indeed.
437,Clothing,4,"Brilliant product, does exactly what it says. Quick delivery and well packaged."
438,Kitchen,5,"Absolutely love this product! It's stylish, functional, and very well made. For sure."
439,Electronics,3,Average experience. The product meets basic requirements. For sure.
440,Kitchen,4,I'm very happy with this purchase. The product is exactly as described. Indeed.
441,Toys,1,Do not buy this. It stopped working after one week. Very frustrating. For sure.
442,Sports,1,Extremely flimsy and poorly made. Returned it immediately. Indeed.
443,Sports,3,The product is okay. Nothing special but does what it's supposed to do.
444,Toys,4,Outstanding product! Works perfectly and exceeded all my expectations. Totally.
445,Clothing,5,Wonderful product! My whole family loves it. Will definitely buy again.
446,Toys,5,Wonderful product! My whole family loves it. Will definitely buy again. Really.
447,Toys,4,Wonderful product! My whole family loves it. Will definitely buy again. For sure.
448,Toys,4,Incredible quality at a reasonable price. I am thoroughly impressed. Really.
449,Electronics,2,Very bad product. Does not work. Would give zero stars if possible. For sure.
450,Electronics,3,The product is okay. Nothing special but does what it's supposed to do.
451,Clothing,3,"Ok product. Arrived on time. Does what it says on the box, nothing more. For sure."
452,Toys,2,Extremely flimsy and poorly made. Returned it immediately. For sure.
453,Clothing,5,"Brilliant product, does exactly what it says. Quick delivery and well packaged."
454,Kitchen,5,Superb craftsmanship. Looks and feels premium. Would definitely recommend. Totally.
455,Kitchen,4,This product is absolutely amazing! I love it and would highly recommend it to everyone. Indeed.
456,Books,5,Great value for money. The build quality is superb and it works flawlessly. For sure.
457,Clothing,5,"Absolutely love this product! It's stylish, functional, and very well made."
458,Sports,3,Decent product for the price. Not amazing but not terrible either. Totally.
459,Electronics,1,Do not buy this. It stopped working after one week. Very frustrating. Indeed.
460,Electronics,4,Great value for money. The build quality is superb and it works flawlessly.
461,Books,5,Best purchase I've made this year. Highly recommend this to anyone looking for quality. Really.
462,Toys,3,Mediocre quality overall. Fine for everyday use but nothing special. For sure.
463,Sports,4,Superb craftsmanship. Looks and feels premium. Would definitely recommend. Indeed.
464,Electronics,5,"Brilliant product, does exactly what it says. Quick delivery and well packaged. Indeed."
465,Books,5,Best purchase I've made this year. Highly recommend this to anyone looking for quality. Really.
466,Kitchen,1,Terrible product. Broke after two days of use. Complete waste of money. Totally.
467,Sports,2,A complete disaster. The product is useless and the return process is a nightmare. Totally.
468,Clothing,5,Excellent quality and fast delivery. Very satisfied with my purchase. Really.
469,Electronics,2,Extremely flimsy and poorly made. Returned it immediately. Totally.
470,Sports,4,Incredible quality at a reasonable price. I am thoroughly impressed. Totally.
471,Clothing,5,Best purchase I've made this year. Highly recommend this to anyone looking for quality. For sure.
472,Sports,3,"It's an acceptable purchase. Some things work well, others not so much."
473,Clothing,5,Excellent quality and fast delivery. Very satisfied with my purchase. Totally.
474,Sports,1,Do not buy this. It stopped working after one week. Very frustrating. Really.
475,Electronics,4,Wonderful product! My whole family loves it. Will definitely buy again.
476,Kitchen,5,I'm very happy with this purchase. The product is exactly as described. For sure.
477,Sports,4,"Brilliant product, does exactly what it says. Quick delivery and well packaged. Totally."
478,Clothing,5,Best purchase I've made this year. Highly recommend this to anyone looking for quality. For sure.
479,Sports,5,Wonderful product! My whole family loves it. Will definitely buy again.
480,Clothing,4,Really happy with this item. Great customer service too. Five stars! Totally.
481,Toys,2,Poor quality and extremely overpriced. I regret buying this item.
482,Toys,2,"Not worth the money at all. Cheap plastic, bad smell, and doesn't work. Totally."
483,Sports,3,"Ok product. Arrived on time. Does what it says on the box, nothing more. For sure."
484,Sports,5,This product is absolutely amazing! I love it and would highly recommend it to everyone. Really.
485,Toys,2,"Not worth the money at all. Cheap plastic, bad smell, and doesn't work. Really."
486,Electronics,4,Incredible quality at a reasonable price. I am thoroughly impressed. Really.
487,Toys,4,Best purchase I've made this year. Highly recommend this to anyone looking for quality. Indeed.
488,Toys,5,Wonderful product! My whole family loves it. Will definitely buy again.
489,Clothing,4,Outstanding product! Works perfectly and exceeded all my expectations. For sure.
490,Kitchen,3,Neither great nor terrible. Average build quality and average performance. For sure.
491,Clothing,5,Outstanding product! Works perfectly and exceeded all my expectations. For sure.
492,Kitchen,5,This exceeded my expectations. The packaging was perfect and the item is beautiful. For sure.
493,Clothing,5,Great value for money. The build quality is superb and it works flawlessly. For sure.
494,Books,5,"Fantastic item! Easy to use, durable, and worth every penny."
495,Clothing,2,This product is garbage. Fell apart immediately. Very unhappy customer. Indeed.
496,Electronics,2,Very bad product. Does not work. Would give zero stars if possible. Totally.
497,Clothing,2,Horrible product. Instructions are unclear and it barely functions. Indeed.
498,Clothing,3,"Ok product. Arrived on time. Does what it says on the box, nothing more. Really."
499,Kitchen,4,"Absolutely love this product! It's stylish, functional, and very well made. Totally."
500,Books,2,"Broken on arrival, terrible customer support. Avoid this seller at all costs. Really."
501,Toys,3,Reasonable product. Has some minor issues but generally acceptable. For sure.
502,Electronics,4,Excellent quality and fast delivery. Very satisfied with my purchase. Really.
503,Books,1,Horrible product. Instructions are unclear and it barely functions.
504,Kitchen,5,Best purchase I've made this year. Highly recommend this to anyone looking for quality.
505,Sports,4,Superb craftsmanship. Looks and feels premium. Would definitely recommend.
506,Toys,3,Decent product for the price. Not amazing but not terrible either. Indeed.
507,Kitchen,3,Mediocre quality overall. Fine for everyday use but nothing special. Indeed.
508,Clothing,2,Extremely flimsy and poorly made. Returned it immediately. Totally.
509,Sports,1,Very bad product. Does not work. Would give zero stars if possible.
510,Kitchen,4,"Absolutely love this product! It's stylish, functional, and very well made. Really."
511,Kitchen,3,Decent product for the price. Not amazing but not terrible either.
512,Clothing,3,Decent product for the price. Not amazing but not terrible either.
513,Sports,3,The product is okay. Nothing special but does what it's supposed to do. Totally.
514,Kitchen,2,Very bad product. Does not work. Would give zero stars if possible. Totally.
515,Kitchen,3,The product is satisfactory. Some improvements could be made. For sure.
516,Kitchen,3,Decent product for the price. Not amazing but not terrible either. For sure.
517,Books,4,Superb craftsmanship. Looks and feels premium. Would definitely recommend. Totally.
518,Books,2,Deeply unsatisfied. Item looked nothing like the description or photos.
519,Toys,5,I'm very happy with this purchase. The product is exactly as described. For sure.
520,Toys,3,Decent product for the price. Not amazing but not terrible either. For sure.
521,Sports,3,Average experience. The product meets basic requirements. Indeed.
522,Books,4,Best purchase I've made this year. Highly recommend this to anyone looking for quality. Really.
523,Clothing,4,"Brilliant product, does exactly what it says. Quick delivery and well packaged."
524,Clothing,5,"Perfect product, arrived quickly and works great. Very pleased with the quality. Totally."
525,Toys,1,"Not worth the money at all. Cheap plastic, bad smell, and doesn't work. Totally."
526,Electronics,4,Great value for money. The build quality is superb and it works flawlessly.
527,Sports,5,Outstanding product! Works perfectly and exceeded all my expectations.
528,Clothing,3,Mediocre quality overall. Fine for everyday use but nothing special.
529,Sports,2,Deeply unsatisfied. Item looked nothing like the description or photos. Totally.
530,Kitchen,5,Outstanding product! Works perfectly and exceeded all my expectations. Really.
531,Toys,2,"Not worth the money at all. Cheap plastic, bad smell, and doesn't work. Indeed."
532,Toys,4,"Perfect product, arrived quickly and works great. Very pleased with the quality. Really."
533,Sports,3,Average experience. The product meets basic requirements.
534,Sports,5,"Absolutely love this product! It's stylish, functional, and very well made."
535,Sports,4,Really happy with this item. Great customer service too. Five stars! For sure.
536,Toys,5,I'm very happy with this purchase. The product is exactly as described.
537,Sports,5,Incredible quality at a reasonable price. I am thoroughly impressed.
538,Sports,5,This product is absolutely amazing! I love it and would highly recommend it to everyone. Really.
539,Kitchen,4,Incredible quality at a reasonable price. I am thoroughly impressed. For sure.
540,Clothing,1,Worst purchase ever. Cheap materials and terrible construction. Indeed.
541,Sports,3,The item is functional but lacks the premium feel I was hoping for. Really.
542,Electronics,5,Best purchase I've made this year. Highly recommend this to anyone looking for quality.
543,Electronics,4,This product is absolutely amazing! I love it and would highly recommend it to everyone. Indeed.
544,Toys,4,Outstanding product! Works perfectly and exceeded all my expectations.
545,Kitchen,2,Poor quality and extremely overpriced. I regret buying this item. Indeed.
546,Kitchen,3,Mediocre quality overall. Fine for everyday use but nothing special. Indeed.
547,Clothing,4,This exceeded my expectations. The packaging was perfect and the item is beautiful.
548,Books,5,Wonderful product! My whole family loves it. Will definitely buy again. For sure.
549,Clothing,1,This product is a scam. Nothing like the pictures. Do not buy!
550,Kitchen,5,"Absolutely love this product! It's stylish, functional, and very well made. For sure."
551,Clothing,3,It's alright. Serves its purpose but don't expect anything extraordinary. Indeed.
552,Toys,4,Great value for money. The build quality is superb and it works flawlessly.
553,Books,4,Superb craftsmanship. Looks and feels premium. Would definitely recommend. Really.
554,Sports,4,Incredible quality at a reasonable price. I am thoroughly impressed. Indeed.
555,Toys,1,A complete disaster. The product is useless and the return process is a nightmare. Really.
556,Books,4,"Perfect product, arrived quickly and works great. Very pleased with the quality. For sure."
557,Books,3,"Ok product. Arrived on time. Does what it says on the box, nothing more."
558,Sports,4,"Fantastic item! Easy to use, durable, and worth every penny."
559,Clothing,5,Incredible quality at a reasonable price. I am thoroughly impressed. Really.
560,Books,3,A middle-of-the-road product. Not bad for occasional use. For sure.
561,Sports,4,"Fantastic item! Easy to use, durable, and worth every penny. For sure."
562,Toys,3,Mediocre quality overall. Fine for everyday use but nothing special. Really.
563,Clothing,2,Horrible product. Instructions are unclear and it barely functions.
564,Sports,3,A middle-of-the-road product. Not bad for occasional use. Indeed.
565,Clothing,5,Best purchase I've made this year. Highly recommend this to anyone looking for quality. Really.
566,Books,5,Superb craftsmanship. Looks and feels premium. Would definitely recommend. Really.
567,Electronics,4,"Absolutely love this product! It's stylish, functional, and very well made. Indeed."
568,Books,1,Poor quality and extremely overpriced. I regret buying this item. Indeed.
569,Clothing,4,I'm very happy with this purchase. The product is exactly as described. Indeed.
570,Clothing,4,"Absolutely love this product! It's stylish, functional, and very well made."
571,Books,4,Incredible quality at a reasonable price. I am thoroughly impressed.
572,Toys,3,"It's an acceptable purchase. Some things work well, others not so much."
573,Clothing,1,This product is garbage. Fell apart immediately. Very unhappy customer. Totally.
574,Books,3,The product is okay. Nothing special but does what it's supposed to do. Really.
575,Kitchen,3,Average quality. It works fine for basic tasks but nothing impressive.
576,Toys,3,The item is functional but lacks the premium feel I was hoping for. For sure.
577,Clothing,4,"Brilliant product, does exactly what it says. Quick delivery and well packaged. For sure."
578,Sports,3,Fairly standard item. Gets the job done without any extra features. Indeed.
579,Sports,2,Worst purchase ever. Cheap materials and terrible construction. Totally.
580,Toys,3,Neither great nor terrible. Average build quality and average performance.
581,Clothing,5,Really happy with this item. Great customer service too. Five stars! Really.
582,Books,4,This product is absolutely amazing! I love it and would highly recommend it to everyone.
583,Books,5,Wonderful product! My whole family loves it. Will definitely buy again. Totally.
584,Books,5,Great value for money. The build quality is superb and it works flawlessly. For sure.
585,Kitchen,5,This exceeded my expectations. The packaging was perfect and the item is beautiful. Totally.
586,Kitchen,3,A middle-of-the-road product. Not bad for occasional use.
587,Books,5,"Absolutely love this product! It's stylish, functional, and very well made. Really."
588,Toys,1,This product is garbage. Fell apart immediately. Very unhappy customer. For sure.
589,Electronics,3,The product is satisfactory. Some improvements could be made.
590,Electronics,3,A middle-of-the-road product. Not bad for occasional use.
591,Toys,4,Really happy with this item. Great customer service too. Five stars!
592,Electronics,5,Great value for money. The build quality is superb and it works flawlessly. Totally.
593,Kitchen,2,Deeply unsatisfied. Item looked nothing like the description or photos.
594,Electronics,5,Wonderful product! My whole family loves it. Will definitely buy again.
595,Sports,5,"Fantastic item! Easy to use, durable, and worth every penny."
596,Books,3,A middle-of-the-road product. Not bad for occasional use. Indeed.
597,Books,4,Excellent quality and fast delivery. Very satisfied with my purchase. Really.
598,Kitchen,2,Worst purchase ever. Cheap materials and terrible construction. Totally.
599,Books,5,Best purchase I've made this year. Highly recommend this to anyone looking for quality. For sure.
600,Toys,3,It's alright. Serves its purpose but don't expect anything extraordinary. Totally.
601,Toys,3,Average quality. It works fine for basic tasks but nothing impressive.
602,Kitchen,3,Average quality. It works fine for basic tasks but nothing impressive. Indeed.
603,Electronics,4,"Perfect product, arrived quickly and works great. Very pleased with the quality."
604,Toys,2,Very disappointing. The quality is poor and it doesn't work as advertised. Indeed.
605,Sports,3,"It's an acceptable purchase. Some things work well, others not so much."
606,Toys,3,It's alright. Serves its purpose but don't expect anything extraordinary. Really.
607,Electronics,3,Neither great nor terrible. Average build quality and average performance. Totally.
608,Sports,3,A middle-of-the-road product. Not bad for occasional use. Totally.
609,Electronics,1,Terrible product. Broke after two days of use. Complete waste of money. Totally.
610,Toys,3,"It's an acceptable purchase. Some things work well, others not so much. Really."
611,Clothing,3,Mediocre quality overall. Fine for everyday use but nothing special.
612,Sports,5,Great value for money. The build quality is superb and it works flawlessly.
613,Toys,4,Superb craftsmanship. Looks and feels premium. Would definitely recommend.
614,Electronics,5,"Absolutely love this product! It's stylish, functional, and very well made."
615,Sports,4,Really happy with this item. Great customer service too. Five stars! Totally.
616,Clothing,3,"It's an acceptable purchase. Some things work well, others not so much. Indeed."
617,Books,5,"Fantastic item! Easy to use, durable, and worth every penny. Indeed."
618,Toys,5,Best purchase I've made this year. Highly recommend this to anyone looking for quality. Really.
619,Clothing,1,Poor quality and extremely overpriced. I regret buying this item. For sure.
620,Electronics,3,The item is functional but lacks the premium feel I was hoping for.
621,Kitchen,4,Best purchase I've made this year. Highly recommend this to anyone looking for quality.
622,Clothing,4,Excellent quality and fast delivery. Very satisfied with my purchase.
623,Books,5,Superb craftsmanship. Looks and feels premium. Would definitely recommend.
624,Sports,5,Best purchase I've made this year. Highly recommend this to anyone looking for quality. For sure.
625,Clothing,4,Excellent quality and fast delivery. Very satisfied with my purchase.
626,Electronics,2,"Not worth the money at all. Cheap plastic, bad smell, and doesn't work. Indeed."
627,Sports,4,Best purchase I've made this year. Highly recommend this to anyone looking for quality.
628,Sports,3,It's alright. Serves its purpose but don't expect anything extraordinary. For sure.
629,Clothing,4,Best purchase I've made this year. Highly recommend this to anyone looking for quality. Really.
630,Books,4,"Perfect product, arrived quickly and works great. Very pleased with the quality."
631,Electronics,5,Best purchase I've made this year. Highly recommend this to anyone looking for quality. Indeed.
632,Sports,5,Great value for money. The build quality is superb and it works flawlessly. For sure.
633,Electronics,4,Excellent quality and fast delivery. Very satisfied with my purchase. Totally.
634,Kitchen,3,"The product works as expected. Nothing more, nothing less. For sure."
635,Clothing,3,"The product works as expected. Nothing more, nothing less. Indeed."
636,Clothing,4,Really happy with this item. Great customer service too. Five stars! Totally.
637,Clothing,1,"Broken on arrival, terrible customer support. Avoid this seller at all costs. Indeed."
638,Toys,5,Best purchase I've made this year. Highly recommend this to anyone looking for quality. Totally.
639,Kitchen,1,This product is garbage. Fell apart immediately. Very unhappy customer. Totally.
640,Electronics,5,Superb craftsmanship. Looks and feels premium. Would definitely recommend. Totally.
641,Sports,3,It's alright. Serves its purpose but don't expect anything extraordinary. For sure.
642,Kitchen,4,Superb craftsmanship. Looks and feels premium. Would definitely recommend.
643,Clothing,3,It's alright. Serves its purpose but don't expect anything extraordinary. Indeed.
644,Toys,3,Average quality. It works fine for basic tasks but nothing impressive. Indeed.
645,Clothing,5,This exceeded my expectations. The packaging was perfect and the item is beautiful. Really.
646,Electronics,2,"Broken on arrival, terrible customer support. Avoid this seller at all costs. Indeed."
647,Kitchen,5,Incredible quality at a reasonable price. I am thoroughly impressed. For sure.
648,Electronics,5,"Brilliant product, does exactly what it says. Quick delivery and well packaged. For sure."
649,Sports,3,"The product works as expected. Nothing more, nothing less."
650,Books,1,Very bad product. Does not work. Would give zero stars if possible.
651,Sports,1,Do not buy this. It stopped working after one week. Very frustrating.
652,Kitchen,5,This exceeded my expectations. The packaging was perfect and the item is beautiful. Totally.
653,Sports,5,Excellent quality and fast delivery. Very satisfied with my purchase. Really.
654,Clothing,1,Horrible product. Instructions are unclear and it barely functions. Indeed.
655,Electronics,4,Superb craftsmanship. Looks and feels premium. Would definitely recommend. Totally.
656,Electronics,5,"Fantastic item! Easy to use, durable, and worth every penny."
657,Clothing,3,The item is functional but lacks the premium feel I was hoping for. Really.
658,Kitchen,4,"Perfect product, arrived quickly and works great. Very pleased with the quality. For sure."
659,Toys,5,Excellent quality and fast delivery. Very satisfied with my purchase.
660,Toys,5,Excellent quality and fast delivery. Very satisfied with my purchase.
661,Electronics,5,Really happy with this item. Great customer service too. Five stars!
662,Books,1,Awful experience. The item arrived damaged and the seller was unhelpful. For sure.
663,Books,2,Do not buy this. It stopped working after one week. Very frustrating. Indeed.
664,Books,3,A middle-of-the-road product. Not bad for occasional use. Really.
665,Toys,2,Poor quality and extremely overpriced. I regret buying this item.
666,Kitchen,2,This product is a scam. Nothing like the pictures. Do not buy! For sure.
667,Clothing,4,"Absolutely love this product! It's stylish, functional, and very well made. Really."
668,Sports,3,"Ok product. Arrived on time. Does what it says on the box, nothing more."
669,Clothing,4,Really happy with this item. Great customer service too. Five stars! Totally.
670,Kitchen,5,Excellent quality and fast delivery. Very satisfied with my purchase.
671,Kitchen,5,This exceeded my expectations. The packaging was perfect and the item is beautiful. For sure.
672,Clothing,1,"Not worth the money at all. Cheap plastic, bad smell, and doesn't work. Totally."
673,Toys,3,"It's an acceptable purchase. Some things work well, others not so much. Really."
674,Books,1,Worst purchase ever. Cheap materials and terrible construction.
675,Books,5,Great value for money. The build quality is superb and it works flawlessly.
676,Sports,5,Outstanding product! Works perfectly and exceeded all my expectations. Indeed.
677,Kitchen,5,Best purchase I've made this year. Highly recommend this to anyone looking for quality. Really.
678,Books,1,"Broken on arrival, terrible customer support. Avoid this seller at all costs. For sure."
679,Kitchen,4,Outstanding product! Works perfectly and exceeded all my expectations. Totally.
680,Kitchen,2,A complete disaster. The product is useless and the return process is a nightmare.
681,Sports,5,Really happy with this item. Great customer service too. Five stars! For sure.
682,Toys,2,Poor quality and extremely overpriced. I regret buying this item. Indeed.
683,Electronics,3,Neither great nor terrible. Average build quality and average performance. Really.
684,Electronics,1,Extremely flimsy and poorly made. Returned it immediately. Totally.
685,Kitchen,5,Wonderful product! My whole family loves it. Will definitely buy again. Really.
686,Sports,2,Extremely flimsy and poorly made. Returned it immediately. For sure.
687,Clothing,5,Excellent quality and fast delivery. Very satisfied with my purchase. For sure.
688,Kitchen,4,Superb craftsmanship. Looks and feels premium. Would definitely recommend.
689,Toys,4,Best purchase I've made this year. Highly recommend this to anyone looking for quality.
690,Kitchen,3,Reasonable product. Has some minor issues but generally acceptable.
691,Electronics,4,Really happy with this item. Great customer service too. Five stars! Indeed.
692,Toys,3,It's alright. Serves its purpose but don't expect anything extraordinary. Really.
693,Sports,2,Do not buy this. It stopped working after one week. Very frustrating. Really.
694,Sports,4,Great value for money. The build quality is superb and it works flawlessly.
695,Toys,4,"Fantastic item! Easy to use, durable, and worth every penny. Totally."
696,Toys,5,Incredible quality at a reasonable price. I am thoroughly impressed. For sure.
697,Electronics,3,Decent product for the price. Not amazing but not terrible either. Indeed.
698,Books,3,Average experience. The product meets basic requirements.
699,Toys,1,Awful experience. The item arrived damaged and the seller was unhelpful. Really.
700,Books,5,Great value for money. The build quality is superb and it works flawlessly. Indeed.
701,Kitchen,2,Worst purchase ever. Cheap materials and terrible construction. Indeed.
702,Sports,4,Superb craftsmanship. Looks and feels premium. Would definitely recommend. Indeed.
703,Kitchen,2,"Broken on arrival, terrible customer support. Avoid this seller at all costs. Indeed."
704,Kitchen,4,This product is absolutely amazing! I love it and would highly recommend it to everyone.
705,Sports,2,"Broken on arrival, terrible customer support. Avoid this seller at all costs."
706,Clothing,4,Best purchase I've made this year. Highly recommend this to anyone looking for quality. Indeed.
707,Sports,5,"Fantastic item! Easy to use, durable, and worth every penny. For sure."
708,Toys,5,Really happy with this item. Great customer service too. Five stars! Totally.
709,Toys,3,The product is okay. Nothing special but does what it's supposed to do.
710,Electronics,3,Neither great nor terrible. Average build quality and average performance.
711,Kitchen,3,Decent product for the price. Not amazing but not terrible either. Indeed.
712,Books,4,Best purchase I've made this year. Highly recommend this to anyone looking for quality.
713,Clothing,3,Reasonable product. Has some minor issues but generally acceptable. Really.
714,Clothing,5,I'm very happy with this purchase. The product is exactly as described.
715,Kitchen,1,Deeply unsatisfied. Item looked nothing like the description or photos.
716,Toys,1,"Broken on arrival, terrible customer support. Avoid this seller at all costs. Indeed."
717,Kitchen,4,Excellent quality and fast delivery. Very satisfied with my purchase. Really.
718,Toys,4,Incredible quality at a reasonable price. I am thoroughly impressed. For sure.
719,Kitchen,5,This product is absolutely amazing! I love it and would highly recommend it to everyone.
720,Kitchen,1,This product is garbage. Fell apart immediately. Very unhappy customer. Really.
721,Clothing,4,Superb craftsmanship. Looks and feels premium. Would definitely recommend.
722,Books,4,"Fantastic item! Easy to use, durable, and worth every penny. Indeed."
723,Sports,1,Deeply unsatisfied. Item looked nothing like the description or photos.
724,Clothing,1,"Not worth the money at all. Cheap plastic, bad smell, and doesn't work. Indeed."
725,Sports,1,Deeply unsatisfied. Item looked nothing like the description or photos. Indeed.
726,Electronics,1,A complete disaster. The product is useless and the return process is a nightmare.
727,Kitchen,5,Excellent quality and fast delivery. Very satisfied with my purchase. Totally.
728,Toys,4,Outstanding product! Works perfectly and exceeded all my expectations. Totally.
729,Electronics,5,Wonderful product! My whole family loves it. Will definitely buy again.
730,Books,3,A middle-of-the-road product. Not bad for occasional use. Totally.
731,Kitchen,4,Wonderful product! My whole family loves it. Will definitely buy again.
732,Kitchen,4,This product is absolutely amazing! I love it and would highly recommend it to everyone. Indeed.
733,Electronics,4,"Perfect product, arrived quickly and works great. Very pleased with the quality. For sure."
734,Books,3,Mediocre quality overall. Fine for everyday use but nothing special. Totally.
735,Sports,5,Really happy with this item. Great customer service too. Five stars! Totally.
736,Electronics,2,Extremely flimsy and poorly made. Returned it immediately.
737,Electronics,2,Terrible product. Broke after two days of use. Complete waste of money. Really.
738,Sports,3,"Ok product. Arrived on time. Does what it says on the box, nothing more. Indeed."
739,Toys,5,"Absolutely love this product! It's stylish, functional, and very well made. Indeed."
740,Electronics,4,This exceeded my expectations. The packaging was perfect and the item is beautiful. Totally.
741,Sports,4,Wonderful product! My whole family loves it. Will definitely buy again. Really.
742,Toys,4,Incredible quality at a reasonable price. I am thoroughly impressed. Totally.
743,Books,4,Really happy with this item. Great customer service too. Five stars!
744,Sports,4,Best purchase I've made this year. Highly recommend this to anyone looking for quality. Indeed.
745,Electronics,1,Worst purchase ever. Cheap materials and terrible construction.
746,Kitchen,1,"Broken on arrival, terrible customer support. Avoid this seller at all costs. Really."
747,Toys,3,The product is satisfactory. Some improvements could be made. For sure.
748,Clothing,4,I'm very happy with this purchase. The product is exactly as described.
749,Kitchen,1,Very disappointing. The quality is poor and it doesn't work as advertised. Totally.
750,Sports,5,Excellent quality and fast delivery. Very satisfied with my purchase.
751,Clothing,2,This product is garbage. Fell apart immediately. Very unhappy customer. For sure.
752,Books,4,Really happy with this item. Great customer service too. Five stars! Totally.
753,Toys,4,Excellent quality and fast delivery. Very satisfied with my purchase. Really.
754,Electronics,4,This product is absolutely amazing! I love it and would highly recommend it to everyone. Really.
755,Electronics,4,Best purchase I've made this year. Highly recommend this to anyone looking for quality. Really.
756,Clothing,2,Very bad product. Does not work. Would give zero stars if possible. Really.
757,Electronics,5,"Brilliant product, does exactly what it says. Quick delivery and well packaged. Totally."
758,Books,1,Very disappointing. The quality is poor and it doesn't work as advertised. Really.
759,Electronics,3,The product is okay. Nothing special but does what it's supposed to do. Indeed.
760,Clothing,3,Average experience. The product meets basic requirements. Totally.
761,Clothing,5,Wonderful product! My whole family loves it. Will definitely buy again.
762,Sports,5,Incredible quality at a reasonable price. I am thoroughly impressed.
763,Toys,5,I'm very happy with this purchase. The product is exactly as described. Really.
764,Books,3,"Ok product. Arrived on time. Does what it says on the box, nothing more. Really."
765,Sports,4,Best purchase I've made this year. Highly recommend this to anyone looking for quality. Really.
766,Electronics,4,Really happy with this item. Great customer service too. Five stars! Totally.
767,Toys,3,Fairly standard item. Gets the job done without any extra features.
768,Kitchen,4,Great value for money. The build quality is superb and it works flawlessly. Indeed.
769,Clothing,3,Decent product for the price. Not amazing but not terrible either.
770,Kitchen,4,"Brilliant product, does exactly what it says. Quick delivery and well packaged. For sure."
771,Electronics,2,Do not buy this. It stopped working after one week. Very frustrating.
772,Kitchen,1,Horrible product. Instructions are unclear and it barely functions.
773,Toys,4,Incredible quality at a reasonable price. I am thoroughly impressed. Indeed.
774,Clothing,3,It's alright. Serves its purpose but don't expect anything extraordinary. Totally.
775,Toys,3,Mediocre quality overall. Fine for everyday use but nothing special. Indeed.
776,Kitchen,3,"The product works as expected. Nothing more, nothing less. Totally."
777,Sports,4,Excellent quality and fast delivery. Very satisfied with my purchase. Really.
778,Kitchen,4,Excellent quality and fast delivery. Very satisfied with my purchase. Indeed.
779,Kitchen,5,Excellent quality and fast delivery. Very satisfied with my purchase. Really.
780,Books,4,"Fantastic item! Easy to use, durable, and worth every penny."
781,Toys,3,Reasonable product. Has some minor issues but generally acceptable.
782,Electronics,2,This product is a scam. Nothing like the pictures. Do not buy! Really.
783,Electronics,2,Do not buy this. It stopped working after one week. Very frustrating. For sure.
784,Kitchen,1,Worst purchase ever. Cheap materials and terrible construction.
785,Sports,3,The product is satisfactory. Some improvements could be made.
786,Electronics,4,"Perfect product, arrived quickly and works great. Very pleased with the quality. Really."
787,Books,4,Really happy with this item. Great customer service too. Five stars! Really.
788,Toys,3,"The product works as expected. Nothing more, nothing less."
789,Sports,3,Average quality. It works fine for basic tasks but nothing impressive. For sure.
790,Electronics,4,Really happy with this item. Great customer service too. Five stars!
791,Electronics,5,This exceeded my expectations. The packaging was perfect and the item is beautiful. Really.
792,Electronics,3,Average experience. The product meets basic requirements. Totally.
793,Sports,4,"Perfect product, arrived quickly and works great. Very pleased with the quality. Really."
794,Electronics,5,"Absolutely love this product! It's stylish, functional, and very well made. Indeed."
795,Books,4,Best purchase I've made this year. Highly recommend this to anyone looking for quality. Totally.
796,Kitchen,3,Reasonable product. Has some minor issues but generally acceptable. Totally.
797,Sports,3,The product is okay. Nothing special but does what it's supposed to do. For sure.
798,Kitchen,2,Deeply unsatisfied. Item looked nothing like the description or photos. Indeed.
799,Electronics,3,Neither great nor terrible. Average build quality and average performance.
800,Toys,5,Outstanding product! Works perfectly and exceeded all my expectations. Really.
801,Toys,3,The product is satisfactory. Some improvements could be made. Really.
802,Kitchen,3,The product is satisfactory. Some improvements could be made.
803,Sports,3,"The product works as expected. Nothing more, nothing less. Indeed."
804,Sports,3,"The product works as expected. Nothing more, nothing less. For sure."
805,Clothing,4,"Fantastic item! Easy to use, durable, and worth every penny."
806,Kitchen,2,Terrible product. Broke after two days of use. Complete waste of money.
807,Electronics,4,Superb craftsmanship. Looks and feels premium. Would definitely recommend. Really.
808,Toys,5,Great value for money. The build quality is superb and it works flawlessly. For sure.
809,Books,5,Great value for money. The build quality is superb and it works flawlessly. Totally.
810,Toys,5,Incredible quality at a reasonable price. I am thoroughly impressed.
811,Toys,4,Incredible quality at a reasonable price. I am thoroughly impressed.
812,Books,4,Incredible quality at a reasonable price. I am thoroughly impressed. For sure.
813,Sports,3,"Ok product. Arrived on time. Does what it says on the box, nothing more. Indeed."
814,Electronics,4,"Perfect product, arrived quickly and works great. Very pleased with the quality."
815,Kitchen,4,Great value for money. The build quality is superb and it works flawlessly. For sure.
816,Clothing,4,"Brilliant product, does exactly what it says. Quick delivery and well packaged. Really."
817,Electronics,2,Very bad product. Does not work. Would give zero stars if possible.
818,Sports,4,"Absolutely love this product! It's stylish, functional, and very well made."
819,Toys,3,Average quality. It works fine for basic tasks but nothing impressive. Totally.
820,Electronics,3,Fairly standard item. Gets the job done without any extra features. For sure.
821,Toys,4,I'm very happy with this purchase. The product is exactly as described. Really.
822,Kitchen,3,"Ok product. Arrived on time. Does what it says on the box, nothing more."
823,Toys,2,Awful experience. The item arrived damaged and the seller was unhelpful. Really.
824,Toys,2,Awful experience. The item arrived damaged and the seller was unhelpful. Totally.
825,Electronics,1,Awful experience. The item arrived damaged and the seller was unhelpful.
826,Sports,3,"It's an acceptable purchase. Some things work well, others not so much. Indeed."
827,Books,5,Incredible quality at a reasonable price. I am thoroughly impressed. For sure.
828,Clothing,2,Very disappointing. The quality is poor and it doesn't work as advertised. Really.
829,Books,2,This product is a scam. Nothing like the pictures. Do not buy! Totally.
830,Electronics,2,Very disappointing. The quality is poor and it doesn't work as advertised. Indeed.
831,Clothing,4,Great value for money. The build quality is superb and it works flawlessly. Totally.
832,Electronics,3,The item is functional but lacks the premium feel I was hoping for.
833,Kitchen,5,"Absolutely love this product! It's stylish, functional, and very well made. Really."
834,Kitchen,5,Best purchase I've made this year. Highly recommend this to anyone looking for quality. For sure.
835,Kitchen,4,"Perfect product, arrived quickly and works great. Very pleased with the quality. Really."
836,Electronics,4,Really happy with this item. Great customer service too. Five stars! Totally.
837,Books,4,Excellent quality and fast delivery. Very satisfied with my purchase. Totally.
838,Electronics,3,Decent product for the price. Not amazing but not terrible either.
839,Sports,4,"Brilliant product, does exactly what it says. Quick delivery and well packaged. Totally."
840,Toys,3,Mediocre quality overall. Fine for everyday use but nothing special. Indeed.
841,Kitchen,4,This exceeded my expectations. The packaging was perfect and the item is beautiful. For sure.
842,Books,5,Excellent quality and fast delivery. Very satisfied with my purchase. Really.
843,Clothing,5,Wonderful product! My whole family loves it. Will definitely buy again.
844,Sports,4,Excellent quality and fast delivery. Very satisfied with my purchase. Indeed.
845,Clothing,4,"Perfect product, arrived quickly and works great. Very pleased with the quality."
846,Toys,5,Excellent quality and fast delivery. Very satisfied with my purchase.
847,Books,1,This product is a scam. Nothing like the pictures. Do not buy!
848,Electronics,4,"Fantastic item! Easy to use, durable, and worth every penny. Indeed."
849,Toys,5,Best purchase I've made this year. Highly recommend this to anyone looking for quality. Indeed.
850,Clothing,5,This exceeded my expectations. The packaging was perfect and the item is beautiful. Really.
851,Kitchen,3,"The product works as expected. Nothing more, nothing less. Really."
852,Books,5,"Perfect product, arrived quickly and works great. Very pleased with the quality. Totally."
853,Books,3,"It's an acceptable purchase. Some things work well, others not so much."
854,Electronics,3,A middle-of-the-road product. Not bad for occasional use.
855,Books,2,Extremely flimsy and poorly made. Returned it immediately. For sure.
856,Kitchen,2,A complete disaster. The product is useless and the return process is a nightmare. For sure.
857,Sports,3,A middle-of-the-road product. Not bad for occasional use. Indeed.
858,Electronics,3,Neither great nor terrible. Average build quality and average performance. Totally.
859,Sports,4,Really happy with this item. Great customer service too. Five stars! For sure.
860,Toys,3,"Ok product. Arrived on time. Does what it says on the box, nothing more. For sure."
861,Kitchen,3,Decent product for the price. Not amazing but not terrible either.
862,Books,4,Outstanding product! Works perfectly and exceeded all my expectations. Really.
863,Toys,5,Excellent quality and fast delivery. Very satisfied with my purchase. Really.
864,Toys,5,Incredible quality at a reasonable price. I am thoroughly impressed. Totally.
865,Kitchen,3,Average quality. It works fine for basic tasks but nothing impressive.
866,Sports,2,Horrible product. Instructions are unclear and it barely functions. Totally.
867,Sports,4,Really happy with this item. Great customer service too. Five stars!
868,Kitchen,2,Extremely flimsy and poorly made. Returned it immediately.
869,Sports,4,Incredible quality at a reasonable price. I am thoroughly impressed.
870,Sports,3,"Ok product. Arrived on time. Does what it says on the box, nothing more. Totally."
871,Clothing,3,Mediocre quality overall. Fine for everyday use but nothing special. Indeed.
872,Books,5,"Perfect product, arrived quickly and works great. Very pleased with the quality."
873,Kitchen,5,Outstanding product! Works perfectly and exceeded all my expectations.
874,Books,3,"The product works as expected. Nothing more, nothing less."
875,Electronics,5,"Perfect product, arrived quickly and works great. Very pleased with the quality. Totally."
876,Clothing,5,Superb craftsmanship. Looks and feels premium. Would definitely recommend. Totally.
877,Toys,3,Average experience. The product meets basic requirements.
878,Clothing,4,Really happy with this item. Great customer service too. Five stars! Really.
879,Clothing,3,Neither great nor terrible. Average build quality and average performance. Totally.
880,Kitchen,1,"Not worth the money at all. Cheap plastic, bad smell, and doesn't work. Really."
881,Kitchen,5,Really happy with this item. Great customer service too. Five stars!
882,Electronics,3,Average experience. The product meets basic requirements. Totally.
883,Toys,4,Outstanding product! Works perfectly and exceeded all my expectations. Totally.
884,Books,4,Outstanding product! Works perfectly and exceeded all my expectations. Really.
885,Books,3,It's alright. Serves its purpose but don't expect anything extraordinary.
886,Books,5,This product is absolutely amazing! I love it and would highly recommend it to everyone.
887,Kitchen,5,Really happy with this item. Great customer service too. Five stars! For sure.
888,Clothing,1,Very disappointing. The quality is poor and it doesn't work as advertised. Really.
889,Sports,4,"Perfect product, arrived quickly and works great. Very pleased with the quality. Indeed."
890,Toys,1,Do not buy this. It stopped working after one week. Very frustrating. Totally.
891,Electronics,3,Average quality. It works fine for basic tasks but nothing impressive. Totally.
892,Toys,4,Outstanding product! Works perfectly and exceeded all my expectations. Really.
893,Kitchen,5,Great value for money. The build quality is superb and it works flawlessly.
894,Books,4,Really happy with this item. Great customer service too. Five stars! Indeed.
895,Clothing,1,"Not worth the money at all. Cheap plastic, bad smell, and doesn't work. Really."
896,Kitchen,2,Worst purchase ever. Cheap materials and terrible construction. Indeed.
897,Books,3,Neither great nor terrible. Average build quality and average performance. Totally.
898,Electronics,5,This exceeded my expectations. The packaging was perfect and the item is beautiful. For sure.
899,Toys,5,This exceeded my expectations. The packaging was perfect and the item is beautiful. For sure.
900,Electronics,2,Worst purchase ever. Cheap materials and terrible construction.
901,Clothing,5,I'm very happy with this purchase. The product is exactly as described.
902,Toys,3,Reasonable product. Has some minor issues but generally acceptable.
903,Books,3,A middle-of-the-road product. Not bad for occasional use. Totally.
904,Sports,4,Superb craftsmanship. Looks and feels premium. Would definitely recommend.
905,Electronics,4,I'm very happy with this purchase. The product is exactly as described.
906,Kitchen,2,Worst purchase ever. Cheap materials and terrible construction. Indeed.
907,Toys,4,This product is absolutely amazing! I love it and would highly recommend it to everyone. Totally.
908,Clothing,2,Deeply unsatisfied. Item looked nothing like the description or photos.
909,Sports,4,Really happy with this item. Great customer service too. Five stars!
910,Toys,5,Excellent quality and fast delivery. Very satisfied with my purchase. Really.
911,Clothing,4,Superb craftsmanship. Looks and feels premium. Would definitely recommend.
912,Toys,2,This product is a scam. Nothing like the pictures. Do not buy! Really.
913,Clothing,3,Fairly standard item. Gets the job done without any extra features. Totally.
914,Kitchen,5,"Fantastic item! Easy to use, durable, and worth every penny."
915,Books,4,This exceeded my expectations. The packaging was perfect and the item is beautiful. Indeed.
916,Clothing,5,Really happy with this item. Great customer service too. Five stars! For sure.
917,Books,4,Really happy with this item. Great customer service too. Five stars! Really.
918,Clothing,5,Incredible quality at a reasonable price. I am thoroughly impressed. Really.
919,Kitchen,3,Decent product for the price. Not amazing but not terrible either.
920,Electronics,5,Outstanding product! Works perfectly and exceeded all my expectations.
921,Sports,4,"Fantastic item! Easy to use, durable, and worth every penny. Really."
922,Books,3,Neither great nor terrible. Average build quality and average performance.
923,Kitchen,2,Deeply unsatisfied. Item looked nothing like the description or photos. Indeed.
924,Electronics,3,Fairly standard item. Gets the job done without any extra features.
925,Clothing,5,"Absolutely love this product! It's stylish, functional, and very well made."
926,Electronics,3,The product is satisfactory. Some improvements could be made. Really.
927,Toys,1,Deeply unsatisfied. Item looked nothing like the description or photos. Really.
928,Electronics,3,Reasonable product. Has some minor issues but generally acceptable. Really.
929,Electronics,5,Incredible quality at a reasonable price. I am thoroughly impressed. Really.
930,Kitchen,3,Reasonable product. Has some minor issues but generally acceptable. Totally.
931,Toys,2,"Not worth the money at all. Cheap plastic, bad smell, and doesn't work. Indeed."
932,Clothing,3,"The product works as expected. Nothing more, nothing less. Indeed."
933,Electronics,3,Decent product for the price. Not amazing but not terrible either. Indeed.
934,Toys,4,"Absolutely love this product! It's stylish, functional, and very well made. Really."
935,Clothing,4,Wonderful product! My whole family loves it. Will definitely buy again.
936,Toys,1,Extremely flimsy and poorly made. Returned it immediately. Indeed.
937,Electronics,4,Wonderful product! My whole family loves it. Will definitely buy again. For sure.
938,Toys,1,Deeply unsatisfied. Item looked nothing like the description or photos.
939,Sports,5,"Perfect product, arrived quickly and works great. Very pleased with the quality."
940,Toys,4,"Absolutely love this product! It's stylish, functional, and very well made. Really."
941,Toys,2,Terrible product. Broke after two days of use. Complete waste of money. Indeed.
942,Sports,5,Wonderful product! My whole family loves it. Will definitely buy again. For sure.
943,Toys,1,Poor quality and extremely overpriced. I regret buying this item. For sure.
944,Kitchen,1,Worst purchase ever. Cheap materials and terrible construction.
945,Books,5,Great value for money. The build quality is superb and it works flawlessly. For sure.
946,Electronics,5,Best purchase I've made this year. Highly recommend this to anyone looking for quality. Really.
947,Kitchen,4,"Brilliant product, does exactly what it says. Quick delivery and well packaged."
948,Electronics,4,This product is absolutely amazing! I love it and would highly recommend it to everyone.
949,Toys,3,Average experience. The product meets basic requirements. For sure.
950,Toys,4,Excellent quality and fast delivery. Very satisfied with my purchase.
951,Clothing,4,"Fantastic item! Easy to use, durable, and worth every penny. Indeed."
952,Electronics,4,This product is absolutely amazing! I love it and would highly recommend it to everyone. Really.
953,Clothing,3,"The product works as expected. Nothing more, nothing less."
954,Electronics,4,Excellent quality and fast delivery. Very satisfied with my purchase.
955,Books,3,A middle-of-the-road product. Not bad for occasional use.
956,Clothing,5,"Brilliant product, does exactly what it says. Quick delivery and well packaged. For sure."
957,Clothing,3,Average quality. It works fine for basic tasks but nothing impressive. Totally.
958,Clothing,5,Best purchase I've made this year. Highly recommend this to anyone looking for quality. Indeed.
959,Kitchen,3,The item is functional but lacks the premium feel I was hoping for. Indeed.
960,Books,1,Extremely flimsy and poorly made. Returned it immediately.
961,Kitchen,1,Terrible product. Broke after two days of use. Complete waste of money.
962,Toys,3,Neither great nor terrible. Average build quality and average performance. For sure.
963,Sports,5,Incredible quality at a reasonable price. I am thoroughly impressed. Totally.
964,Kitchen,4,This exceeded my expectations. The packaging was perfect and the item is beautiful. Indeed.
965,Electronics,5,Best purchase I've made this year. Highly recommend this to anyone looking for quality.
966,Toys,4,I'm very happy with this purchase. The product is exactly as described.
967,Clothing,4,"Absolutely love this product! It's stylish, functional, and very well made."
968,Toys,4,"Absolutely love this product! It's stylish, functional, and very well made. Indeed."
969,Toys,2,This product is garbage. Fell apart immediately. Very unhappy customer.
970,Toys,1,Awful experience. The item arrived damaged and the seller was unhelpful.
971,Kitchen,3,The product is satisfactory. Some improvements could be made. Indeed.
972,Clothing,3,Average quality. It works fine for basic tasks but nothing impressive. Indeed.
973,Books,4,"Fantastic item! Easy to use, durable, and worth every penny. For sure."
974,Electronics,2,Poor quality and extremely overpriced. I regret buying this item. Really.
975,Kitchen,5,Superb craftsmanship. Looks and feels premium. Would definitely recommend.
976,Toys,5,Excellent quality and fast delivery. Very satisfied with my purchase.
977,Sports,5,Best purchase I've made this year. Highly recommend this to anyone looking for quality.
978,Sports,4,Really happy with this item. Great customer service too. Five stars! For sure.
979,Toys,1,Very bad product. Does not work. Would give zero stars if possible.
980,Books,5,I'm very happy with this purchase. The product is exactly as described.
981,Sports,3,"The product works as expected. Nothing more, nothing less. For sure."
982,Kitchen,2,"Broken on arrival, terrible customer support. Avoid this seller at all costs."
983,Clothing,4,Superb craftsmanship. Looks and feels premium. Would definitely recommend.
984,Sports,5,This exceeded my expectations. The packaging was perfect and the item is beautiful. For sure.
985,Kitchen,4,Excellent quality and fast delivery. Very satisfied with my purchase. Really.
986,Clothing,5,"Absolutely love this product! It's stylish, functional, and very well made."
987,Books,1,This product is a scam. Nothing like the pictures. Do not buy! Indeed.
988,Clothing,4,Superb craftsmanship. Looks and feels premium. Would definitely recommend.
989,Toys,4,Best purchase I've made this year. Highly recommend this to anyone looking for quality.
990,Toys,2,Extremely flimsy and poorly made. Returned it immediately. Indeed.
991,Electronics,1,Horrible product. Instructions are unclear and it barely functions. Indeed.
992,Kitchen,5,This product is absolutely amazing! I love it and would highly recommend it to everyone. For sure.
993,Toys,3,"Ok product. Arrived on time. Does what it says on the box, nothing more. Really."
994,Kitchen,1,"Broken on arrival, terrible customer support. Avoid this seller at all costs."
995,Kitchen,2,"Not worth the money at all. Cheap plastic, bad smell, and doesn't work. For sure."
996,Kitchen,4,Incredible quality at a reasonable price. I am thoroughly impressed. Totally.
997,Books,3,Reasonable product. Has some minor issues but generally acceptable. Indeed.
998,Sports,5,Incredible quality at a reasonable price. I am thoroughly impressed.
999,Sports,3,The item is functional but lacks the premium feel I was hoping for.
1000,Toys,1,This product is a scam. Nothing like the pictures. Do not buy! For sure.
